{
    "$schema": "https://schema.management.azure.com/schemas/2015-01-01/deploymentParameters.json#",
    "contentVersion": "1.0.0.0",
    "parameters": {
        "virtualMachines_ToyTruckServer_name": {
            "value": null
        },
        "networkInterfaces_toytruckserver182_name": {
            "value": null
        },
        "publicIPAddresses_ToyTruckServer_ip_name": {
            "value": null
        },
        "virtualNetworks_ToyTruckServer_vnet_name": {
            "value": null
        },
        "networkSecurityGroups_ToyTruckServer_nsg_name": {
            "value": null
        }
    }
}